Name,Gender,Race,Age,Phone Number,Date of Birth,Aadhar Number,Address,State
nitin,Male,Indian,39,8870420417,1-3-1983,5470 0000 0000,"H.No. 688
Srinivas Path
Amaravati-140368",Kerala
tripti,Male,Indian,82,6685222304,24-11-1940,5930 0000 0000,"H.No. 05
Bal Marg, Ahmednagar-439474",Punjab
somdutt,Male,Indian,22,1769586754,2-1-2000,6170 0000 0000,"26/342, Zachariah Circle
Solapur-535546",Arunachal Pradesh
bhagwati prasad,Female,Indian,96,9150944354,19-7-1926,2550 0000 0000,"047, Krishnan Zila, Raurkela Industrial Township 944112",Karnataka
yognder,Female,Indian,9,8383788450,24-4-2013,8950 0000 0000,"207
Behl Marg
Kollam 644605",Bihar
kuldeep,Female,Indian,36,8193161711,26-10-1986,8000 0000 0000,"03/253
De Zila, Shivpuri-429818",Karnataka
amit,Female,Indian,19,9316555765,26-7-2003,8410 0000 0000,"32
Behl Chowk
Hajipur 190871",Tamil Nadu
shivam,Male,Indian,77,8636630194,27-11-1945,8210 0000 0000,"56
Raval Street, Gaya 361606",Haryana
sandeep kumar,Male,Indian,76,7218154220,23-11-1946,9560 0000 0000,"84/54, Gandhi Path
Srinagar-401648",Himachal Pradesh
gurdeep kaur,Male,Indian,17,9206040110,4-1-2005,4450 0000 0000,"H.No. 48, Ben Zila
Siwan-709274",Maharashtra
karan,Female,Indian,88,3743958243,28-3-1934,4960 0000 0000,"65, Singhal Path, Vijayanagaram 533452",Uttar Pradesh
neha,Male,Indian,34,9343307962,3-8-1988,4300 0000 0000,"H.No. 074
Dar Marg
Tiruvottiyur-659719",Jharkhand
Kashish Jain,Female,Indian,20,6398947440,6-3-2002,9490 0000 0000,"329, Mand Marg, Agra-282001",Uttar pradesh
manju devi,Male,Indian,68,2514577113,13-12-1954,6390 0000 0000,"H.No. 43
Mand
Imphal-800046",Meghalaya
kabir,Female,Indian,38,2139889401,11-12-1984,1680 0000 0000,"H.No. 654, Jani, Gwalior 890634",Andhra Pradesh
mahabir prasad,Female,Indian,14,9611476658,5-2-2008,3350 0000 0000,"H.No. 69
Agarwal Ganj
Gandhidham-621939",Mizoram
rajni,Female,Indian,25,2676244262,2-2-1997,9560 0000 0000,"H.No. 202
Ravel Marg
Bhusawal-633144",Telangana
manoj,Female,Indian,17,8517189364,26-4-2005,2940 0000 0000,"526
Ganesh Ganj
Ahmedabad-018582",Madhya Pradesh
aman soni badal,Male,Indian,35,8140630530,1-4-1987,7500 0000 0000,"05
Ratta
Bhavnagar 677958",Manipur
neha,Female,Indian,58,4377194690,20-10-1964,1350 0000 0000,"93/643
Deol Street, Salem-376254",Uttarakhand
Virajit Dutt,Male,Indian,18,2016899897,5-10-2003,4590 0000 0000,"329, Zila
Nagpur 554285",Maharashtra
buity,Female,Indian,65,4289584687,14-2-1957,8770 0000 0000,"72/24, Dhar, Allahabad 072672",Andhra Pradesh
mohan singh,Female,Indian,76,1749798071,17-5-1946,7400 0000 0000,"81/521, Loyal Zila, Mango-920050",Tamil Nadu
jitender kumar,Female,Indian,61,9366163191,1-12-1961,9210 0000 0000,"88/601
Raju Ganj
Jamalpur-651402",Kerala
kushal,Male,Indian,41,4897198807,24-2-1981,4390 0000 0000,"H.No. 976
Sha Chowk
Gwalior-768517",Haryana
nisha,Female,Indian,97,2501572966,14-4-1925,2740 0000 0000,"H.No. 111
Deol Road, Bhiwani 097935",Chhattisgarh
leelawati,Male,Indian,45,8012725971,6-6-1977,6960 0000 0000,"H.No. 72
Sachdev Marg, Mirzapur-791379",Himachal Pradesh
doodhnath pandit,Male,Indian,21,9016793498,24-2-2001,1080 0000 0000,"48/725, Sachar Marg, Jamalpur-131023",Maharashtra
shafibul,Male,Indian,28,5770252429,14-3-1994,7110 0000 0000,"331, Sheth Path
Chittoor-693763",Bihar
Mohmika,Female,Indian,19,9327321988,19-11-2003,5200 0000 0000,"36
Bhargava Nagar
Bengaluru 376499",Karnataka
vandana,Female,Indian,67,3400308827,20-2-1955,8200 0000 0000,"11/72, Wali Marg, Tinsukia-189383",Himachal Pradesh
poonam,Female,Indian,81,1534618043,24-8-1941,5140 0000 0000,"28, Jayaraman Street, Sagar-363924",Karnataka
ajay,Female,Indian,10,7281624128,24-3-2012,2080 0000 0000,"17/17, Tata Road
Orai 169285",Sikkim
pooja,Female,Indian,78,4265649832,29-2-1944,6920 0000 0000,"H.No. 844
Dara, Karimnagar 634966",Uttar Pradesh
khushbu,Female,Indian,58,5942753766,12-12-1964,4290 0000 0000,"92/40
Bedi
Giridih 469100",Jharkhand
malade vinisha,Female,Indian,31,6377955396,19-6-1991,2510 0000 0000,"20/581
Gera Path
Thoothukudi 360038",Assam
manojyadav manoj,Female,Indian,53,8954520089,18-5-1969,7080 0000 0000,"H.No. 06, Bhatnagar Marg
Siwan 832044",Chhattisgarh
komal,Male,Indian,67,8472836029,8-10-1955,1110 0000 0000,"400, Kala Chowk
Kalyan-Dombivli 552696",Tamil Nadu
rakeshsarkar,Male,Indian,36,5680777788,14-3-1986,7440 0000 0000,"133, Keer Zila
Khora -387675",Bihar
sneha,Male,Indian,14,7412338143,8-1-2008,2320 0000 0000,"H.No. 618, Ganguly
Kolhapur 152197",Madhya Pradesh
sandhya,Female,Indian,20,7095331961,25-3-2002,6530 0000 0000,"41/27, Raja Chowk
Bally 823141",Punjab
archna,Female,Indian,70,7000041109,23-2-1952,1210 0000 0000,"03, Sahota Road, Salem 255671",Chhattisgarh
rahul,Female,Indian,94,9070084278,9-1-1928,2630 0000 0000,"H.No. 77
Ramachandran, Bidhannagar-618183",West Bengal
hina,Female,Indian,95,8821829448,7-12-1927,9000 0000 0000,"093
Bajaj Circle, Silchar-694926",Kerala
yogitatiwari,Male,Indian,43,7516629164,21-6-1979,5600 0000 0000,"51, Shukla Path
Medininagar 925518",Meghalaya
rahul,Female,Indian,60,7097748434,10-2-1962,6220 0000 0000,"24, Majumdar Road
Tenali 792367",Tripura
babita,Male,Indian,19,2033292512,23-2-2003,9750 0000 0000,"886, Chakraborty Road
Kulti-188205",Assam
aslamallam,Male,Indian,38,1734835449,18-7-1984,8650 0000 0000,"H.No. 74
Lanka Street, Kochi-644249",Jharkhand
nilamdevi,Female,Indian,98,6220015920,13-7-1924,4280 0000 0000,"H.No. 74
Dhar Marg, Thiruvananthapuram 380033",Kerala
madan,Male,Indian,21,7861120704,2-3-2001,3160 0000 0000,"H.No. 657
Rout Circle
Erode-893089",West Bengal
mohithimanshu,Female,Indian,5,9550390180,19-4-2017,3940 0000 0000,"H.No. 68, Sabharwal Street
Suryapet 272273",Punjab
deeyakumari,Female,Indian,62,3780271104,13-3-1960,3390 0000 0000,"14/032, Bora Chowk
Yamunanagar-820782",Chhattisgarh
devki,Male,Indian,4,2270306917,24-12-2018,4600 0000 0000,"H.No. 556
Badal Circle, Rohtak 370594",Uttar Pradesh
kiran,Female,Indian,77,8361604809,31-7-1945,3300 0000 0000,"194, Sunder Circle
Eluru-036626",Sikkim
shyanidevi,Male,Indian,3,8029478041,4-2-2019,5010 0000 0000,"105
Kant Nagar
Rajpur Sonarpur 362024",Goa
chanderpal,Male,Indian,49,1813693660,27-7-1973,8790 0000 0000,"29/83
Konda Path
Sambhal 308849",Goa
laybanoor,Female,Indian,59,8884233113,5-10-1963,1710 0000 0000,"998
Agrawal Path
Jehanabad 662974",Mizoram
pooranchand,Female,Indian,5,6563102402,28-2-2017,1310 0000 0000,"57/55, Hora Nagar, Akola 216801",Punjab
nankuprasad,Male,Indian,75,6577595665,21-1-1947,5760 0000 0000,"634, Bera Marg, Bhatpara 929730",Bihar
imamudeen,Male,Indian,46,3354031811,12-11-1976,9690 0000 0000,"H.No. 863, Chaudhuri Road
Hazaribagh-634837",Gujarat
santosh,Female,Indian,2,9595108076,17-4-2020,5620 0000 0000,"30/381
Sinha Path
Ambarnath-601515",Manipur
aarti,Male,Indian,97,3679129722,25-12-1925,6920 0000 0000,"H.No. 319, Dara Ganj, Satara 372876",Uttarakhand
priyanandani,Female,Indian,93,7689776005,16-4-1929,3620 0000 0000,"H.No. 464
Buch Nagar, Dehradun-937761",Punjab
abhishek,Male,Indian,11,4490292101,10-7-2011,5240 0000 0000,"17/186, Srinivasan Path
Kavali 707657",Meghalaya
suman,Female,Indian,98,8012648320,25-3-1924,1260 0000 0000,"23
Talwar Circle, Ongole-011406",Manipur
ramvati,Female,Indian,50,2771474974,19-7-1972,4720 0000 0000,"H.No. 00
Chauhan, Raiganj 989327",Andhra Pradesh
akashgupta,Male,Indian,90,5381519060,1-1-1932,3960 0000 0000,"H.No. 34
Kara Ganj
Jamalpur-647146",Tamil Nadu
mamta,Female,Indian,97,6577181719,6-8-1925,8050 0000 0000,"32, Verma Circle
Dibrugarh-648525",Maharashtra
shalu,Male,Indian,75,5305626087,4-10-1947,7370 0000 0000,"H.No. 84
Gopal Chowk, Mysore 100917",Himachal Pradesh
sharatchandran,Male,Indian,63,1369051142,2-2-1959,6720 0000 0000,"096
Din Circle
Bally-579630",Gujarat
usha,Male,Indian,65,9554259433,6-2-1957,4220 0000 0000,"56, Raj Chowk
Gangtok 290104",Manipur
barjraj,Female,Indian,13,7482052659,9-8-2009,6290 0000 0000,"05/049
Arora Chowk
Ahmednagar-594213",Punjab
sahil,Male,Indian,99,6148665816,23-11-1923,8910 0000 0000,"H.No. 28
Upadhyay Street, Madurai-914452",Bihar
shivkumari,Female,Indian,100,7438817745,7-11-1922,9920 0000 0000,"H.No. 76
Thakkar Path, Kalyan-Dombivli 325112",Bihar
priyakirav,Female,Indian,27,7382531966,24-5-1995,9920 0000 0000,"16/34
Reddy Path
Adoni-034419",Andhra Pradesh
sunilkumar,Male,Indian,62,8700607279,14-7-1960,2660 0000 0000,"766, Sahota Chowk, Nangloi Jat-379283",Chhattisgarh
vandana,Male,Indian,94,3451531335,4-5-1928,4120 0000 0000,"78/67
Taneja Marg
Aizawl 503001",Meghalaya
anubhavshrivastab,Male,Indian,10,9891401051,11-2-2012,4800 0000 0000,"84/870, Shetty Chowk
Jehanabad 820117",Odisha
neha,Female,Indian,19,8391511579,22-5-2003,7430 0000 0000,"69, Sur Street
Tezpur 703895",Bihar
pawankumar,Male,Indian,30,5240668336,6-5-1992,2850 0000 0000,"51/86, Luthra Marg
Barasat 444665",Karnataka
mohitmaan,Male,Indian,78,9054823531,12-10-1944,8720 0000 0000,"H.No. 904
Raju Street, Korba-953772",Odisha
dineshkumar,Male,Indian,44,3379695826,1-10-1978,4640 0000 0000,"236, Loke Circle
Coimbatore-232328",Meghalaya
nitukumari,Female,Indian,95,7727664233,23-1-1927,7780 0000 0000,"78
Lad Road
Gaya-735961",Odisha
shakshi,Male,Indian,3,7819777513,10-8-2019,3680 0000 0000,"88/68, Sathe Ganj
Khandwa-658215",Telangana
sandeep,Female,Indian,77,2668383103,6-8-1945,5540 0000 0000,"39, Rao Zila
Jamnagar-247578",Nagaland
vishalmoni,Female,Indian,36,1608392508,18-7-1986,6440 0000 0000,"26, Gade Marg, Hosur 834727",Nagaland
kavita,Male,Indian,62,9989613757,21-9-1960,8130 0000 0000,"H.No. 91, Aggarwal Zila
Singrauli 087782",Sikkim
sumit,Female,Indian,86,4579193479,18-1-1936,4860 0000 0000,"H.No. 84, Sagar Street, Aurangabad 921190",Uttarakhand
pooja,Female,Indian,38,9648767325,10-11-1984,3570 0000 0000,"614, Goda
Gulbarga 880183",Rajasthan
rakesh,Female,Indian,94,6845461866,9-10-1928,1360 0000 0000,"H.No. 101
Krishnan Nagar
Pimpri-Chinchwad 675441",Manipur
rohit,Female,Indian,57,7141028400,30-1-1965,8590 0000 0000,"69/143, Saha Road
Amaravati 014992",Telangana
nisha,Female,Indian,37,4726952007,17-7-1985,7970 0000 0000,"93/99
Bhasin Nagar, Amroha 021941",Bihar
vijay,Female,Indian,20,7683991198,7-2-2002,1600 0000 0000,"H.No. 272, Sengupta, Ranchi 360025",Uttar Pradesh
satyadev,Male,Indian,43,6241862602,27-12-1979,3900 0000 0000,"190
Rana Ganj, Firozabad 957688",Meghalaya
rustamshah,Female,Indian,31,5103909342,3-9-1991,8440 0000 0000,"174
Mand Marg
Bhiwandi-583092",Mizoram
santna,Male,Indian,17,9345587334,8-8-2005,2690 0000 0000,"54/510
Dubey Road
Jhansi 941367",Uttarakhand
rahul,Female,Indian,13,7283669055,3-7-2009,2850 0000 0000,"H.No. 78, Sodhi
Moradabad 678811",Rajasthan
chahat,Male,Indian,54,2471406122,4-1-1968,1700 0000 0000,"H.No. 563
Kata Street, Ranchi 683093",Goa
fooljhnah,Male,Indian,52,2327410312,31-1-1970,8910 0000 0000,"98/907, Loke Street
Katni-673316",Goa
sunita,Male,Indian,5,7162273632,16-3-2017,7580 0000 0000,"H.No. 487
Behl Zila
Mehsana-047967",Assam
heenazamilakhtar,Female,Indian,90,3146356309,10-3-1932,7680 0000 0000,"H.No. 51
Raman Zila, Dehri-396058",Mizoram
sarbjeetronak,Female,Indian,35,1778537299,16-11-1987,9890 0000 0000,"02/792
Chandran Nagar
Guntakal 718005",Sikkim
yogesh,Male,Indian,76,6409318736,15-11-1946,8010 0000 0000,"061
Mane Road, Bhind 350081",Odisha
salima,Female,Indian,84,2208686038,24-6-1938,9150 0000 0000,"782
Kulkarni Zila, Hospet-508332",Punjab
rohitkumar,Female,Indian,64,3776040322,28-11-1958,6840 0000 0000,"82/51
Walia Street, Mirzapur 418367",Karnataka
pooja,Male,Indian,72,3754415006,29-4-1950,3850 0000 0000,"H.No. 101
Dhar Marg, Shahjahanpur-369571",Tamil Nadu
deep,Male,Indian,46,7231199221,16-11-1976,5420 0000 0000,"038, Behl Marg, Panipat 711534",Telangana
sandhya,Female,Indian,67,5298663260,5-7-1955,3640 0000 0000,"073
Shanker Nagar
Burhanpur 468698",Kerala
durga,Male,Indian,81,1530903067,11-7-1941,1760 0000 0000,"36, Sachdeva Street
Malegaon 758440",Manipur
chanchal,Female,Indian,33,4704648226,16-5-1989,5350 0000 0000,"H.No. 385, Gade Marg, Mango 131024",Assam
ravinderbacchi,Female,Indian,76,6821477158,25-6-1946,4610 0000 0000,"39, Upadhyay Street
Bathinda-862495",West Bengal
jyoti,Female,Indian,59,7517627643,25-10-1963,5570 0000 0000,"61/02
Mahal Nagar, Firozabad 473634",Uttar Pradesh
suraj,Female,Indian,80,2548303864,5-5-1942,7430 0000 0000,"73/678, Sama Circle, Dibrugarh-386012",Goa
ramduttgupta,Female,Indian,88,4242775852,18-6-1934,7510 0000 0000,"265, Ahuja Chowk, Karaikudi 678197",Haryana
sohni,Female,Indian,87,8581110233,3-3-1935,9100 0000 0000,"H.No. 612, Chakraborty Chowk, Katni-090262",Jharkhand
preeti,Male,Indian,38,6816608125,16-4-1984,3950 0000 0000,"37
Khalsa Marg
Nashik 218514",West Bengal
sangeeta,Female,Indian,92,9472375185,2-10-1930,1370 0000 0000,"381
Vora Path
Panvel 721595",Sikkim
abhishekh,Male,Indian,4,2158952865,15-1-2018,9970 0000 0000,"H.No. 241
Khurana Road, Bidar-224828",Goa
iqra,Male,Indian,73,8100528031,2-12-1949,4360 0000 0000,"H.No. 304
Karnik Chowk
Mathura-002357",Sikkim
sonyjha,Male,Indian,41,4927400425,25-9-1981,3990 0000 0000,"H.No. 221, Sampath Road
Bhalswa Jahangir Pur-827949",Gujarat
rajkumarchawla,Female,Indian,58,1846810546,29-7-1964,6220 0000 0000,"H.No. 62, Bhavsar Chowk, Salem-100648",Tamil Nadu
arindra,Male,Indian,25,4946009421,3-9-1997,4910 0000 0000,"H.No. 740, Sachar Marg
Satna 563849",Madhya Pradesh
ankit,Male,Indian,38,5235615596,25-2-1984,5280 0000 0000,"97
Sarkar Chowk
Rajkot-923481",Madhya Pradesh
jyoti,Female,Indian,28,6309476555,5-6-1994,9390 0000 0000,"H.No. 40
Singhal Circle
Jalandhar-666392",Meghalaya
ramsingh,Male,Indian,99,6231198270,23-10-1923,9930 0000 0000,"H.No. 110
Rajan Zila
Amravati-640125",Tripura
sunderpaal,Male,Indian,15,7770217031,24-5-2007,7950 0000 0000,"H.No. 419
D’Alia Zila, Tirupati 569303",Tripura
vimla,Female,Indian,5,4342215437,2-12-2017,5740 0000 0000,"47/759
Barad Marg
Mathura 042040",Andhra Pradesh
kirandevi,Male,Indian,16,1913159232,27-2-2006,1070 0000 0000,"H.No. 43, Sehgal, Sirsa-680247",Haryana
sonia,Male,Indian,54,5997136221,22-3-1968,7510 0000 0000,"205
Ray Chowk, Ambarnath-828178",Tripura
seemakhatun,Female,Indian,61,9032370772,7-12-1961,6910 0000 0000,"02/75, Andra Circle, Kanpur-397880",Haryana
amardeep,Male,Indian,70,6423511516,5-9-1952,8290 0000 0000,"46
Bhardwaj Zila, Bareilly-196780",Punjab
sapna,Female,Indian,71,2106544850,9-1-1951,4300 0000 0000,"119, Yadav Nagar
Anantapuram-433528",Gujarat
mdmustafa,Female,Indian,53,5064727450,12-2-1969,2290 0000 0000,"H.No. 091
Manda Marg, Tadipatri 779343",Madhya Pradesh
kalicharan,Male,Indian,33,1603827119,18-4-1989,6340 0000 0000,"067, Dugal Street, Surendranagar Dudhrej 362036",Chhattisgarh
arti,Male,Indian,17,1837215627,16-1-2005,9180 0000 0000,"H.No. 541
Sodhi Zila, Dharmavaram 344944",Uttarakhand
sunita,Female,Indian,30,7359185351,15-10-1992,3760 0000 0000,"H.No. 30
Yadav Circle
Bhilwara-207007",Tamil Nadu
amarjeet,Female,Indian,29,6810175425,13-6-1993,3870 0000 0000,"34/859, Grewal Street
Gudivada 022786",Nagaland
durgesh,Male,Indian,29,4600424468,19-8-1993,8130 0000 0000,"H.No. 86, Sehgal Ganj, Siliguri 927133",Arunachal Pradesh
amitkumar,Male,Indian,17,4526363732,8-2-2005,4150 0000 0000,"993, Sanghvi Marg, North Dumdum-316249",Telangana
khadaksingh,Female,Indian,52,5402113437,16-11-1970,5110 0000 0000,"05/53, Sami Chowk, Bhopal-093423",Madhya Pradesh
neelam,Female,Indian,11,6471890760,15-9-2011,1050 0000 0000,"887
Guha Circle
Madurai-495664",Madhya Pradesh
ramkumar,Male,Indian,71,6511963643,2-10-1951,3400 0000 0000,"H.No. 54, Aurora Chowk
North Dumdum-898232",Goa
meenuchawla,Female,Indian,87,5008664302,15-6-1935,3600 0000 0000,"H.No. 99
Kothari Street
Rajkot-392764",Nagaland
khursid,Female,Indian,100,8738204829,18-3-1922,8030 0000 0000,"519
Balay Ganj, Tadipatri-424049",Tripura
himanshiroshani,Female,Indian,3,1295547678,27-6-2019,5220 0000 0000,"H.No. 796
Upadhyay Marg
Bhiwani 691080",Bihar
pooja,Male,Indian,25,8047952889,29-7-1997,4240 0000 0000,"77/07, Thakur Zila
Nandyal 671790",Maharashtra
Anushkagupta,Female,Indian,69,2114000489,17-7-1953,6950 0000 0000,"79
Rau Ganj, Amroha-421105",Andhra Pradesh
priyansi,Male,Indian,26,9048441749,3-10-1996,2840 0000 0000,"H.No. 590
Tak Ganj
Bellary-205982",Odisha
kuldeepsingh,Male,Indian,44,6566926365,15-7-1978,8040 0000 0000,"77/381, Shan Road, Bellary-614554",Himachal Pradesh
anuradha,Male,Indian,84,8585538291,5-3-1938,8520 0000 0000,"212, Kapoor Path, Srikakulam-764385",Meghalaya
parveen,Male,Indian,71,5671697896,3-7-1951,8400 0000 0000,"631
Tella Circle
Erode 610683",Sikkim
aakash,Female,Indian,53,2765544550,2-2-1969,2630 0000 0000,"57
Kapoor Zila, Serampore 520443",Uttarakhand
deepak,Female,Indian,19,5993333514,7-10-2003,4950 0000 0000,"H.No. 68, Sachdev Circle
Bally 232688",Goa
kesharansari,Male,Indian,48,2271851795,19-7-1974,3850 0000 0000,"32
Hayer Zila
Bhatpara 961216",Madhya Pradesh
pankajkumar,Male,Indian,77,6529724480,6-8-1945,1240 0000 0000,"H.No. 511
Sarin Marg, Buxar-723630",Telangana
dollyrekha,Female,Indian,49,3411005360,27-3-1973,3370 0000 0000,"562
Sant Circle
Guna-935053",Karnataka
phoolwatiphoolodevi,Male,Indian,36,3359786462,24-10-1986,6440 0000 0000,"H.No. 506, Sachar Zila
Karaikudi-747630",Jharkhand
gajendersinghgoldy,Female,Indian,1,9113335675,11-4-2021,6160 0000 0000,"499, Singh, Ballia 699271",Haryana
babalusen,Male,Indian,68,9580142972,18-9-1954,2730 0000 0000,"94
Behl Street, Bettiah-159990",Maharashtra
bharat,Male,Indian,72,2452643482,21-11-1950,8970 0000 0000,"529, Dara Chowk
Khammam 679301",West Bengal
anitadevi,Male,Indian,10,9873189146,1-3-2012,2610 0000 0000,"433, Mann Nagar
Dhanbad-129563",Jharkhand
sumit,Female,Indian,43,4239007626,6-3-1979,5240 0000 0000,"H.No. 22, Seshadri Marg
Sasaram-104163",Arunachal Pradesh
aashiya,Female,Indian,97,1669953441,30-9-1925,3010 0000 0000,"270
Bhat Circle
Purnia 454881",Jharkhand
neerajkumar,Male,Indian,49,7438586288,16-3-1973,5900 0000 0000,"073, Sood Zila
Bhiwandi-888172",Tripura
roshni,Female,Indian,89,7602018271,15-5-1933,9350 0000 0000,"63/77
Kaur Zila
Raebareli-720924",Himachal Pradesh
hemant,Female,Indian,50,3356948216,22-12-1972,5040 0000 0000,"H.No. 801, Tank Nagar
North Dumdum 601515",Tamil Nadu
pooranchandsharma,Male,Indian,19,9786845969,8-4-2003,5190 0000 0000,"81, Wable Circle, Jammu 335680",Manipur
akhilesh,Female,Indian,1,5129233916,13-4-2021,7260 0000 0000,"00/88, Malhotra Path, Mathura-632473",Andhra Pradesh
rajeev,Male,Indian,86,6559431142,4-6-1936,2380 0000 0000,"543
Shere Road
Bidhannagar 613615",Uttarakhand
sanjay,Female,Indian,55,8378630116,10-4-1967,2410 0000 0000,"67/591
Baral Circle
Mau-652972",Uttarakhand
arunvicky,Female,Indian,37,1749786059,4-8-1985,8890 0000 0000,"H.No. 02, Dixit Marg, Meerut 742000",Manipur
azaruddin,Male,Indian,100,2329291438,8-9-1922,2490 0000 0000,"57/656, Bhatti Circle
Barasat-723692",Himachal Pradesh
meena,Male,Indian,41,5198820638,15-4-1981,2310 0000 0000,"80, Banerjee Nagar
Mumbai-731182",Nagaland
nikhleshwarbhagat,Female,Indian,46,5353652259,29-4-1976,4800 0000 0000,"81/50
Mand Road, Nanded-100569",Chhattisgarh
sujenmanjhi,Male,Indian,1,8656943926,30-6-2021,9920 0000 0000,"H.No. 52, Sheth Ganj, Ozhukarai-034153",Rajasthan
kalyanipatro,Male,Indian,59,5917665428,7-4-1963,4580 0000 0000,"63/25, Thaman, Imphal-999475",Jharkhand
chandershaker,Male,Indian,78,1738941031,24-5-1944,2700 0000 0000,"81, Mallick Path, Kottayam-346303",Kerala
kajal,Female,Indian,88,1177296091,13-7-1934,2820 0000 0000,"H.No. 051
Bala Ganj
Thoothukudi 989002",Bihar
devi,Female,Indian,61,6377923129,25-10-1961,9600 0000 0000,"H.No. 505
Shere Street, Tirunelveli 265956",Manipur
deepak,Female,Indian,53,2798847081,19-7-1969,6770 0000 0000,"96/41
Sachdev Ganj
Dewas 585305",Kerala
jahoorahmedmeer,Male,Indian,26,5487563474,8-3-1996,7930 0000 0000,"82/959, Vaidya Chowk, Mango-098387",Odisha
manisha,Female,Indian,39,6286152073,16-2-1983,6270 0000 0000,"26
Dubey Circle
Salem 838390",Gujarat
sunita,Male,Indian,90,5505612149,28-1-1932,2370 0000 0000,"H.No. 833, Bhattacharyya Nagar, Hazaribagh 230417",Maharashtra
sita,Male,Indian,68,7988614581,20-2-1954,2510 0000 0000,"621, Jhaveri Nagar
Barasat-477221",Sikkim
kausalkumar,Male,Indian,49,1568885061,28-2-1973,2790 0000 0000,"H.No. 11, Venkatesh Path
South Dumdum 381931",Gujarat
avinsh,Female,Indian,54,9696758114,20-12-1968,1600 0000 0000,"97/37, Balakrishnan Circle, Junagadh 420054",Nagaland
bholasarkar,Female,Indian,36,4582551130,6-5-1986,5260 0000 0000,"74/187
Bahri Zila, Darbhanga-962506",Goa
amardeepkaur,Female,Indian,31,8758256226,15-2-1991,6510 0000 0000,"412, Dutt, Shahjahanpur-073649",Tamil Nadu
jamilkhan,Male,Indian,51,6130517866,10-6-1971,9640 0000 0000,"19, Wason, Hindupur 329317",Chhattisgarh
uttamkumarsanki,Male,Indian,20,5038385747,20-8-2002,4120 0000 0000,"H.No. 16
Dixit Ganj
Hajipur 478453",Telangana
devinderchadda,Male,Indian,61,8083141430,8-11-1961,7250 0000 0000,"62/116, Issac Path, Eluru-740219",Tamil Nadu
sachin,Male,Indian,32,4271298081,31-10-1990,8350 0000 0000,"H.No. 06, Brahmbhatt Road
Khora -858535",Uttar Pradesh
deepak,Female,Indian,1,2532933336,23-6-2021,8880 0000 0000,"50/36
Balasubramanian Path
Raebareli-228440",Uttarakhand
md.afsar,Female,Indian,48,3293110529,7-8-1974,5250 0000 0000,"85/34
Sem Nagar
Medininagar 922735",Goa
rajbir,Female,Indian,18,5448341249,13-2-2004,8880 0000 0000,"H.No. 55, Aggarwal Chowk, Gandhinagar-699446",Nagaland
ajaykumar,Female,Indian,19,1264926513,25-1-2003,2120 0000 0000,"06/46, Jha Ganj
Farrukhabad-508195",Andhra Pradesh
kuldeepsingh,Female,Indian,95,9481133814,30-11-1927,5570 0000 0000,"H.No. 079, Vig Road
Tenali 071483",Punjab
poojaprajapatipratibha,Male,Indian,5,1914189705,6-12-2017,2650 0000 0000,"308, Rana Ganj
Pune 722456",Manipur
beeru,Female,Indian,65,8247897003,30-3-1957,5800 0000 0000,"13/781, Mane Ganj, Panihati-059484",Maharashtra
pooja,Female,Indian,95,8634208315,9-10-1927,5250 0000 0000,"58/387
Sethi Circle
Yamunanagar-543176",Andhra Pradesh
jyoti,Male,Indian,86,9133409394,3-9-1936,7330 0000 0000,"H.No. 09
Bahl Marg, Fatehpur 981283",Uttarakhand
gumansinghbasyal,Female,Indian,70,4729132978,5-11-1952,6400 0000 0000,"83/86
Gala Chowk
Saharsa 673770",Chhattisgarh
priyanka,Male,Indian,92,7767432946,5-12-1930,9380 0000 0000,"371
Sangha Marg, Moradabad-022459",Punjab
kalawati,Male,Indian,20,8471147937,14-8-2002,8910 0000 0000,"H.No. 668
Bedi, Dindigul 951632",Maharashtra
koshal,Male,Indian,32,1156031065,17-1-1990,9700 0000 0000,"58/510, Wable Ganj
Bardhaman-255495",Meghalaya
meena,Male,Indian,3,8185580213,11-10-2019,3650 0000 0000,"H.No. 32, Vig Marg, Kottayam 447907",Goa
isha,Female,Indian,60,4753030473,25-5-1962,3830 0000 0000,"87/797
Ramesh Chowk, Varanasi 657814",Maharashtra
yashmittal,Male,Indian,86,6533693858,20-1-1936,2980 0000 0000,"H.No. 58, Sarraf Chowk, Begusarai 267140",Rajasthan
asmakhatun,Female,Indian,17,6175120859,22-6-2005,3270 0000 0000,"06/81
Dey Nagar
Phusro-257099",West Bengal
kranti,Female,Indian,13,6608235065,30-3-2009,1500 0000 0000,"910
Tara
Kolhapur 141387",Telangana
harshdagar,Male,Indian,33,7766499286,18-10-1989,3150 0000 0000,"18
Bandi Nagar
Ghaziabad-802876",Karnataka
anju,Female,Indian,88,6324602260,25-8-1934,6500 0000 0000,"H.No. 184
Kamdar Circle
Bijapur 290329",Chhattisgarh
karinakavita,Male,Indian,62,1266295377,2-10-1960,8830 0000 0000,"53/743
Mandal Circle, Nagercoil-023403",Gujarat
rishi,Male,Indian,82,3154371467,10-6-1940,1430 0000 0000,"37/59
Tank Ganj
Fatehpur 456612",Sikkim
laxmidevi,Male,Indian,37,3096409564,11-2-1985,4810 0000 0000,"H.No. 509
Bhargava Zila
Bettiah 204376",Maharashtra
vinod,Male,Indian,64,5761019889,11-11-1958,3990 0000 0000,"H.No. 582, Ahluwalia Marg, Malda 533957",Madhya Pradesh
gulshan,Female,Indian,89,6425979897,17-3-1933,3530 0000 0000,"66/992
Ramanathan, Bhilai-215652",Manipur
amit,Female,Indian,35,2892394960,18-3-1987,6390 0000 0000,"74/406, Shankar Street
Etawah-700393",Chhattisgarh
anupumaghosh,Male,Indian,10,6057099578,19-3-2012,7130 0000 0000,"H.No. 454
Chakrabarti Nagar
Parbhani-751248",Chhattisgarh
swatithakur,Male,Indian,74,5108664814,14-7-1948,2120 0000 0000,"30/20, Bhagat
Mangalore-441009",Sikkim
mohdkausar,Male,Indian,49,4567143729,23-1-1973,2880 0000 0000,"H.No. 12
Dara Marg
Purnia-360187",Jharkhand
sarojani,Female,Indian,10,4608810935,2-12-2012,9330 0000 0000,"73
Mann Nagar
Kavali 774433",Arunachal Pradesh
reena,Male,Indian,12,8609590374,6-11-2010,5420 0000 0000,"568, Sem Marg
Mangalore 193152",Madhya Pradesh
rahilamaqbool,Female,Indian,52,4953440944,14-2-1970,3830 0000 0000,"09/650
Ranganathan Road, Thiruvananthapuram 414483",West Bengal
chanchal,Female,Indian,94,7394083397,20-9-1928,6240 0000 0000,"12/34
Bassi Path
Srikakulam 815886",Haryana
sarain,Male,Indian,76,9665395574,30-4-1946,5930 0000 0000,"114, Chauhan Zila, Raiganj 208993",Haryana
rajkumari,Male,Indian,97,4666666243,24-11-1925,7390 0000 0000,"179, Cheema Marg, Delhi-733910",Haryana
simran,Male,Indian,67,4111162894,15-9-1955,5120 0000 0000,"700
Ratta Street, Ahmedabad-176270",Andhra Pradesh
mohdshakib,Male,Indian,66,1917419688,17-9-1956,8400 0000 0000,"492, Chowdhury Street
Deoghar-297590",Madhya Pradesh
adityasom,Male,Indian,48,8284415478,23-10-1974,2850 0000 0000,"00/633
Jha Circle, Mysore-759810",Telangana
shivani,Male,Indian,22,1760989962,9-1-2000,9930 0000 0000,"53
Golla Street, Munger-121308",Kerala
sunita,Male,Indian,61,1422474647,21-9-1961,1290 0000 0000,"H.No. 324
Bava Path
Proddatur-912883",Nagaland
neetu,Female,Indian,89,7908228582,26-5-1933,4150 0000 0000,"585
Bobal Street, Kadapa 000250",Chhattisgarh
rohit,Female,Indian,29,7293061051,28-11-1993,7080 0000 0000,"H.No. 77, Solanki, Amaravati 135257",Andhra Pradesh
laxmikumari,Male,Indian,92,4083322249,18-11-1930,1540 0000 0000,"H.No. 640
Sandhu Nagar, Machilipatnam 675886",Goa
badshyakhan,Male,Indian,56,4346771092,15-12-1966,7530 0000 0000,"H.No. 466, Cherian Chowk
Parbhani-140324",Madhya Pradesh
priti,Male,Indian,72,2002950886,16-8-1950,6680 0000 0000,"42/05
Saraf Circle, Mehsana-988035",Tripura
kajal,Male,Indian,25,4430896204,26-9-1997,9200 0000 0000,"H.No. 385, Chopra Zila, Hazaribagh-552449",Sikkim
dharmbir,Female,Indian,97,3325104310,13-3-1925,1720 0000 0000,"45/558, Kala Circle, Vijayawada-745881",Uttar Pradesh
vikjaykumar,Male,Indian,7,1590574945,30-6-2015,5970 0000 0000,"H.No. 03
Sarraf Nagar
Ujjain-014662",Manipur
rubi,Male,Indian,76,1697710020,31-8-1946,4560 0000 0000,"H.No. 159, Borde Road
Ambarnath-164384",Uttarakhand
saddam,Male,Indian,95,7134167997,15-10-1927,2620 0000 0000,"62/11, Manne Path
Meerut 444543",Telangana
shelenderyadav,Female,Indian,43,9070036125,4-10-1979,1310 0000 0000,"H.No. 333, Ratti Ganj
Chapra-889527",Assam
nazmin,Female,Indian,66,7866324817,30-7-1956,5880 0000 0000,"H.No. 99, Salvi Circle, Jalandhar-039284",Uttarakhand
anita,Male,Indian,83,2761039521,26-8-1939,8640 0000 0000,"66/30, Kale Chowk
Giridih 003347",Bihar
mohankumar,Male,Indian,63,1597253082,20-7-1959,8650 0000 0000,"81/941
Kala Marg
Udupi 106396",Andhra Pradesh
pinki,Male,Indian,69,1472383559,28-6-1953,7910 0000 0000,"26
Tank Path
Tumkur 510722",Chhattisgarh
gulfam,Female,Indian,91,9268308353,24-8-1931,7590 0000 0000,"78/69
Issac Marg, Ballia 989278",Jharkhand
aman,Male,Indian,100,7138078592,24-4-1922,2810 0000 0000,"09/39
Issac Street, Tadepalligudem 711580",Madhya Pradesh
sunil,Male,Indian,6,5392472516,23-2-2016,6780 0000 0000,"83/004, Chaudhari Ganj, Gandhinagar 882040",Rajasthan
pooja,Female,Indian,63,5260928246,26-5-1959,7920 0000 0000,"54/030, Khosla Ganj, Proddatur-760958",Arunachal Pradesh
mohdaakib,Female,Indian,67,8086229570,18-7-1955,1660 0000 0000,"89/803
Soman Circle, Bhiwandi 603341",Meghalaya
rajuchhotu,Female,Indian,27,3043464597,19-4-1995,3970 0000 0000,"16/374, Gill Ganj
Hyderabad-789115",Uttar Pradesh
kishan,Male,Indian,69,8206533058,28-1-1953,9420 0000 0000,"08
Sandhu Ganj
Aizawl-157668",Jharkhand
gurmitsingh,Female,Indian,21,1979506488,19-2-2001,7850 0000 0000,"34
Balay Circle
Agra 903046",Maharashtra
amitkumar,Male,Indian,50,1388800373,30-4-1972,6220 0000 0000,"65/736, Chand Street
Kanpur-325728",Uttarakhand
varunivatsa,Male,Indian,34,3751358998,6-11-1988,3080 0000 0000,"H.No. 53, Gill Marg, Ajmer 248952",Karnataka
aakanksha,Male,Indian,33,5632890592,19-3-1989,8320 0000 0000,"17
Chandran Chowk
Chandrapur 636162",Goa
pooja,Female,Indian,67,7988495437,18-3-1955,4600 0000 0000,"H.No. 763, Soman Circle, Thrissur 227156",Mizoram
dipendrakumar,Female,Indian,50,7854076309,18-5-1972,3240 0000 0000,"H.No. 112
Kurian
Hapur 204806",Arunachal Pradesh
nikitasenger,Male,Indian,65,2253921589,12-7-1957,2240 0000 0000,"57/693
Sathe Chowk
Raebareli-038458",Chhattisgarh
anshu,Female,Indian,20,6205582525,12-3-2002,4430 0000 0000,"31/390, Sundaram Street
Serampore 309572",Nagaland
rohit,Female,Indian,53,7072613818,15-4-1969,3750 0000 0000,"H.No. 924
Sha Marg, Kozhikode 752975",Odisha
jaswantsingh,Female,Indian,94,7336363560,3-3-1928,2610 0000 0000,"12, Aggarwal Chowk, Burhanpur 725284",Haryana
sitara,Male,Indian,30,9111137065,22-3-1992,8870 0000 0000,"21
Savant Circle, Tenali 445334",Odisha
mohdshahid,Female,Indian,37,2560629722,19-11-1985,8130 0000 0000,"H.No. 37, Kar Zila
Ongole 532384",Manipur
rubi,Female,Indian,50,8679149855,13-10-1972,7070 0000 0000,"99, Bhat Street
Panipat 747781",Manipur
mazida,Female,Indian,18,7190431898,24-3-2004,8630 0000 0000,"78, Kibe Path
Bhimavaram 384831",Tamil Nadu
shyamkumar,Male,Indian,64,1358038574,27-6-1958,6460 0000 0000,"H.No. 226, Acharya Nagar
Ludhiana 545881",Madhya Pradesh
mohammadali,Male,Indian,35,4943405003,10-4-1987,3660 0000 0000,"H.No. 627, Bath Chowk
Guntakal 962363",Manipur
rajia,Male,Indian,95,8191486151,30-1-1927,6330 0000 0000,"85
Ramachandran Road, Hazaribagh-627645",Chhattisgarh
poonam,Male,Indian,19,5783015435,20-7-2003,1520 0000 0000,"84/26, Gara Zila
Tenali 093075",Odisha
rajakumar,Male,Indian,31,2677873807,7-9-1991,1050 0000 0000,"44/31
Bhagat Road
Solapur 506654",Kerala
gyatridevi,Male,Indian,31,8851672056,25-4-1991,1270 0000 0000,"H.No. 669, Chacko Marg, Chinsurah 466162",Maharashtra
sevakpitambarlal,Male,Indian,21,8559442067,3-10-2001,7050 0000 0000,"H.No. 226, Boase Street, Gurgaon 103476",Assam
payalgoyala,Female,Indian,80,5418312505,26-7-1942,9630 0000 0000,"09/22, Agrawal Ganj
Ozhukarai-435887",Sikkim
asha,Male,Indian,64,4377044616,27-8-1958,9130 0000 0000,"45
Kala Road
New Delhi-390973",Maharashtra
kunalkannu,Female,Indian,18,2901078713,19-3-2004,8740 0000 0000,"H.No. 466, Wagle Circle, Bidhannagar-711368",Chhattisgarh
vivek,Male,Indian,100,6893475838,15-7-1922,2410 0000 0000,"32/45, Ahluwalia Ganj, Bhubaneswar 585450",Karnataka
rajkumar,Male,Indian,97,8338517883,6-5-1925,6590 0000 0000,"82/46, Roy Nagar
Bhatpara 357686",Kerala
rizwan,Male,Indian,57,9428694140,27-2-1965,5170 0000 0000,"H.No. 35, Wason, Karimnagar 070878",West Bengal
abhijeet,Female,Indian,3,5993113922,17-8-2019,2330 0000 0000,"91/33, Batra Road, Kumbakonam-240414",Karnataka
aamirhussain,Female,Indian,58,9691559933,12-11-1964,6510 0000 0000,"215, Kunda
Satna 600541",Arunachal Pradesh
kamni,Female,Indian,19,5512152839,25-7-2003,4140 0000 0000,"470, Vohra Path
Raebareli-175567",Odisha
pinki,Male,Indian,62,9421781801,27-1-1960,4220 0000 0000,"66/95, Tank Marg
Mehsana 483434",Rajasthan
kamla,Male,Indian,96,7069536361,4-2-1926,2360 0000 0000,"85/866
Suresh Road
Karimnagar 164197",Tripura
sheetal,Female,Indian,25,6657179206,19-12-1997,7320 0000 0000,"H.No. 021
Brahmbhatt Marg
Tumkur-306274",Maharashtra
arjun,Male,Indian,49,2301236997,8-2-1973,2060 0000 0000,"93/194
Bhargava Nagar, Nagaon 795622",Odisha
anjali,Female,Indian,57,7070628010,1-2-1965,7530 0000 0000,"H.No. 21, Arora Ganj, Vellore 805554",Karnataka
lalitrana,Male,Indian,89,1766683820,23-3-1933,4760 0000 0000,"335
Bir Zila
Bangalore-712031",Telangana
rahulsharma,Female,Indian,65,7358427279,13-6-1957,7090 0000 0000,"13/01
Bhargava Road, Pune-555446",Andhra Pradesh
mansi,Male,Indian,14,6209689371,25-12-2008,6160 0000 0000,"832, Borde Street, Pudukkottai-898060",Maharashtra
pawan,Male,Indian,23,5330124455,13-8-1999,6370 0000 0000,"15/978
Lala Path
Korba-890086",Tamil Nadu
irfan,Female,Indian,26,6662851650,27-7-1996,8620 0000 0000,"78/765, Bala Chowk
Kolkata 421348",Mizoram
shivprakash,Female,Indian,55,4360567414,7-4-1967,4340 0000 0000,"73/01, Sanghvi Chowk
Panipat 833412",Tripura
sheetal,Female,Indian,5,6338892448,26-12-2017,5070 0000 0000,"59
Cheema Nagar
Jorhat-927584",Haryana
sachin,Female,Indian,92,1422059580,26-8-1930,4450 0000 0000,"60
Edwin Path, Erode-987795",Rajasthan
shubhamyadav,Male,Indian,52,6896603837,20-9-1970,2390 0000 0000,"32, Doctor Ganj, Nagercoil 660404",Manipur
priya,Male,Indian,71,2918850788,18-6-1951,2410 0000 0000,"61, Krishnan Path, Burhanpur 817069",Karnataka
pintuthakur,Female,Indian,25,2067614929,8-5-1997,3630 0000 0000,"36
Varghese Circle
Agartala-882612",Bihar
renurinki,Female,Indian,57,2788867641,10-7-1965,5240 0000 0000,"H.No. 239, Chana Chowk
Phusro-960532",Uttar Pradesh
preeti,Male,Indian,81,4161392198,15-9-1941,7050 0000 0000,"83/934, Dani Marg
Sambhal 336018",Arunachal Pradesh
jagdish,Male,Indian,24,3269701842,14-2-1998,7430 0000 0000,"65/72
Sule Circle
Dhule-090265",Jharkhand
meera,Female,Indian,25,1886904298,5-12-1997,3470 0000 0000,"64/969, Sanghvi Marg, Tirupati-291865",Uttarakhand
rohit,Female,Indian,37,1041399390,21-3-1985,5170 0000 0000,"29/18, Badal, Arrah-157525",Odisha
gulbasha,Male,Indian,55,8028065280,26-8-1967,9210 0000 0000,"H.No. 66, Sani Chowk
Ulhasnagar-304029",Tamil Nadu
monika,Male,Indian,9,8868172823,7-3-2013,9330 0000 0000,"94/583, Sood Marg, Muzaffarpur 347035",West Bengal
mohd.mukhtaar,Male,Indian,21,3711480389,1-9-2001,1740 0000 0000,"47/20, Vasa Street
Sambhal-326683",Goa
farhanabaigum,Male,Indian,10,7697159965,15-11-2012,4960 0000 0000,"000, Bhakta Street, Bally 477857",Maharashtra
ramji,Male,Indian,71,6722880919,7-10-1951,9550 0000 0000,"80
Yogi, Ambarnath 221472",Rajasthan
roshni,Male,Indian,53,4099264785,3-9-1969,2840 0000 0000,"944, Lanka Path
Hosur-337543",Himachal Pradesh
priyasexena,Male,Indian,38,9805505905,4-1-1984,6590 0000 0000,"13/312, Dewan, Raurkela Industrial Township-935656",Meghalaya
kailashkumar,Female,Indian,69,7839906631,6-9-1953,7460 0000 0000,"H.No. 75, Batta Road, North Dumdum 808979",Sikkim
preeti,Male,Indian,72,3589947346,17-9-1950,1080 0000 0000,"19/38
Sarraf Street, Karnal 709103",Manipur
jyoti,Female,Indian,100,4461485729,17-7-1922,4110 0000 0000,"83/710
Sethi Circle
Rajpur Sonarpur-912141",Meghalaya
harmansingh,Male,Indian,35,7016421182,2-12-1987,9470 0000 0000,"472
Johal Circle
Hubli–Dharwad 998188",Manipur
rinkumalav,Female,Indian,70,6791550029,16-10-1952,4310 0000 0000,"H.No. 30
Rege Ganj, Mangalore-648759",Tamil Nadu
dinesh,Female,Indian,24,9559571121,14-2-1998,3580 0000 0000,"42/60, Singhal Marg, Noida 736246",Haryana
ramvilash,Female,Indian,11,1102029732,31-12-2011,2690 0000 0000,"08/989
Sama Path, Gorakhpur 068719",Uttar Pradesh
anjalijuneja,Male,Indian,33,5794871421,20-3-1989,4870 0000 0000,"H.No. 62
Doctor Marg
Raebareli 484825",Karnataka
nausad,Male,Indian,79,4697074105,24-10-1943,4200 0000 0000,"10/243
Kaul Chowk
Ghaziabad-087981",Arunachal Pradesh
kmsunita,Female,Indian,45,4408940603,31-8-1977,8500 0000 0000,"21/716, Chakraborty Zila
Ballia 242835",Himachal Pradesh
riyamasi,Female,Indian,73,5743723964,9-5-1949,8770 0000 0000,"406, Yadav Marg
Kumbakonam 700430",Madhya Pradesh
anshu,Male,Indian,58,1593804313,12-11-1964,3830 0000 0000,"H.No. 83, Bala, Alappuzha-165189",Karnataka
versha,Male,Indian,27,7861802678,12-2-1995,8780 0000 0000,"61/73, Raman Marg
Hajipur 012029",West Bengal
aman,Male,Indian,89,8083402434,9-6-1933,9050 0000 0000,"98
Boase Path, Hosur 941992",Meghalaya
kajalchoudhary,Male,Indian,47,9364705222,26-4-1975,4710 0000 0000,"14
Acharya Marg
Berhampore-964820",Assam
parvesh,Female,Indian,15,7201402316,1-2-2007,9220 0000 0000,"H.No. 54
Raj Marg
Gwalior-186280",Arunachal Pradesh
sukhdev,Female,Indian,93,4279259783,21-10-1929,4280 0000 0000,"55/63
Uppal Nagar
Medininagar 470609",Tripura
silender,Male,Indian,50,4019430949,31-10-1972,9870 0000 0000,"36
Kakar Ganj
Orai 615891",Telangana
supriyalsen,Female,Indian,26,7147755593,20-9-1996,2490 0000 0000,"363
Dara Street, Anand 999686",Himachal Pradesh
pooja,Male,Indian,70,7183708208,8-10-1952,5000 0000 0000,"86
Ganesan Ganj, Cuttack 002260",Tripura
tapasdas,Male,Indian,53,5695154431,13-2-1969,3300 0000 0000,"773
Balay
Vasai-Virar 545638",Andhra Pradesh
santlalgolu,Female,Indian,29,1582641395,19-4-1993,2690 0000 0000,"66
Wason Street, Ramgarh-430579",West Bengal
santoshsingal,Female,Indian,42,5376364695,1-3-1980,9090 0000 0000,"65/112, Konda Chowk
Kochi 160677",Uttar Pradesh
virender,Male,Indian,52,3115128005,17-5-1970,1410 0000 0000,"51/57
Dhar Nagar
Rajpur Sonarpur-733563",Gujarat
minakchi,Female,Indian,85,2362981505,7-8-1937,8180 0000 0000,"21/419, Taneja Ganj
Kumbakonam 973187",Goa
lalita,Female,Indian,97,2738566347,28-8-1925,6620 0000 0000,"55/045
Chand
Vijayanagaram-056448",Tamil Nadu
doly,Female,Indian,36,4677242965,9-12-1986,6220 0000 0000,"H.No. 28
Raju Road, Gandhidham 893949",Bihar
divya,Male,Indian,41,1918828660,24-8-1981,1690 0000 0000,"86/94, Grewal Zila
Bhalswa Jahangir Pur 198155",Jharkhand
meena,Female,Indian,99,7071506936,23-11-1923,5470 0000 0000,"81
Kant Road
Gurgaon 255024",Assam
arvindkumaryadav,Female,Indian,90,3407166858,22-1-1932,9660 0000 0000,"99/47, Contractor Path, Tinsukia 108601",Uttar Pradesh
vikash,Male,Indian,75,8318422244,6-4-1947,5260 0000 0000,"01/80, Sood Circle, Nadiad-925643",Arunachal Pradesh
jyoti,Female,Indian,60,7890506216,14-10-1962,3230 0000 0000,"81/715, Mane Marg
Shahjahanpur 748414",Andhra Pradesh
farmaankhan,Male,Indian,8,5844158789,23-10-2014,1100 0000 0000,"08
Bedi Chowk, Karaikudi-042180",Odisha
mayankchaudharyrahul,Female,Indian,98,2307327965,14-10-1924,6550 0000 0000,"203, Garde Path, Jorhat 958939",Punjab
humakhan,Female,Indian,87,7470258418,24-7-1935,3400 0000 0000,"H.No. 012, Shankar Ganj
Kavali 621090",Rajasthan
adnan,Male,Indian,27,1058230845,11-8-1995,7290 0000 0000,"097, Sekhon Ganj
Bhusawal 691246",Bihar
kusum,Female,Indian,33,9460526195,13-10-1989,6650 0000 0000,"80/93
Chakraborty Road, Howrah-164647",Manipur
pulkitsharma,Female,Indian,19,1755358914,11-11-2003,4800 0000 0000,"849
Ghose Ganj
Visakhapatnam 805182",West Bengal
sheakshakir,Female,Indian,72,6392208635,24-4-1950,5840 0000 0000,"26/50
Chandra Zila, Nagaon-810616",Bihar
pooja,Female,Indian,60,4659864679,26-4-1962,9690 0000 0000,"64/78
Sangha Street
Bareilly 652613",Madhya Pradesh
saroj,Male,Indian,51,3079090907,18-10-1971,9010 0000 0000,"71
Roy Circle
Ramagundam-376426",Tripura
veerbhansingh,Female,Indian,34,8101108210,27-5-1988,3700 0000 0000,"97, Khosla Path, Pondicherry 484109",Chhattisgarh
mohdkhairul,Male,Indian,46,2273260834,20-8-1976,2260 0000 0000,"H.No. 887
Mall Road, Nagercoil 961470",Jharkhand
rakhi,Female,Indian,44,1683821104,19-10-1978,8110 0000 0000,"02/976
Sarma Chowk
Ambala-527552",Uttarakhand
leelawithachild,Male,Indian,47,5619738605,21-6-1975,2050 0000 0000,"H.No. 623
Balan Road
Madhyamgram-337843",Bihar
kaushaliya,Male,Indian,30,9491731862,14-12-1992,2450 0000 0000,"14/81, Ghosh Chowk, Cuttack-545314",Sikkim
gurmitsingh,Female,Indian,30,7649192353,10-9-1992,4400 0000 0000,"H.No. 03
Samra Marg, Bhopal-480345",Telangana
savitasagar,Female,Indian,27,4764623492,26-4-1995,3760 0000 0000,"16/037
Sengupta Nagar
Kottayam-762488",Madhya Pradesh
komal,Male,Indian,75,4385616278,1-2-1947,5300 0000 0000,"H.No. 971
Golla Circle, Asansol 137313",Assam
naharsingh,Male,Indian,85,4293497390,24-3-1937,7910 0000 0000,"28, Anne Street
Solapur-720252",Manipur
manju,Male,Indian,16,9869635826,4-3-2006,3270 0000 0000,"04/15, Chawla Street, Sagar 361385",Andhra Pradesh
vandana,Male,Indian,5,1528127829,18-9-2017,1700 0000 0000,"03/88, Mani, Sultan Pur Majra 901935",Arunachal Pradesh
sunita,Female,Indian,69,9113968435,14-11-1953,3830 0000 0000,"26/81
Dyal, Ghaziabad-940707",Chhattisgarh
rahulkumar,Male,Indian,84,3931944173,12-8-1938,3290 0000 0000,"46/398
Shanker Circle, Jamalpur-552696",Maharashtra
gopalsharma,Female,Indian,76,2134965788,11-6-1946,3740 0000 0000,"72/35, Kaur, Bardhaman-159017",Telangana
mohabbatali,Male,Indian,18,4150711325,10-11-2004,7120 0000 0000,"H.No. 52, Keer Road, Ranchi 607098",Goa
ravindrakumar,Male,Indian,3,1402114919,13-9-2019,8330 0000 0000,"087
Loke Ganj, Lucknow-716289",Tamil Nadu
pooja,Male,Indian,67,4253685408,1-7-1955,1640 0000 0000,"H.No. 678, Lalla Nagar, Bulandshahr-335509",Chhattisgarh
ruby,Female,Indian,36,4052649727,30-11-1986,8600 0000 0000,"H.No. 363
Gill Marg, Bally 831058",Kerala
rubina,Female,Indian,19,4362715967,24-7-2003,1820 0000 0000,"33/91, Tara Path
Ongole-552219",Nagaland
shajiya,Female,Indian,21,7435252131,24-5-2001,2730 0000 0000,"H.No. 060
Koshy Path, Ichalkaranji 372168",Maharashtra
poojakashyap,Female,Indian,47,7503578463,20-10-1975,3240 0000 0000,"11/087, Jaggi Marg, Danapur-184122",Odisha
priyajain,Female,Indian,90,8222412156,25-9-1932,8080 0000 0000,"H.No. 95, Kashyap Road
Deoghar-463591",Meghalaya
jagdish,Male,Indian,12,9128566411,19-11-2010,7490 0000 0000,"H.No. 619, Ganesan Zila
Satara 436915",Andhra Pradesh
tarjan,Female,Indian,65,8211686784,13-11-1957,1690 0000 0000,"34/10, Bhalla Street, Jaipur-081569",Gujarat
ravikumar,Female,Indian,58,3407795752,2-9-1964,6540 0000 0000,"H.No. 270
De Marg, Guntur 351373",Kerala
charu,Female,Indian,91,6857022826,1-1-1931,6320 0000 0000,"H.No. 624, Aggarwal Path
Bareilly 764635",Uttarakhand
poonam,Male,Indian,52,2675645527,20-6-1970,7040 0000 0000,"H.No. 633
Thaman Marg, Latur 132991",Uttar Pradesh
vikramsingh,Male,Indian,98,5884655299,23-11-1924,9570 0000 0000,"226
Kapoor Ganj
Udaipur-662069",Gujarat
sanjay,Female,Indian,18,4611151294,28-2-2004,6820 0000 0000,"19/368, Sankar, Gwalior-428310",Maharashtra
axat,Male,Indian,18,3857455290,8-7-2004,5540 0000 0000,"01/19
Tandon Nagar, Surat 524727",Uttar Pradesh
preetamkumar,Male,Indian,35,9101827034,10-6-1987,9930 0000 0000,"80/704, Thakur Road, Jalandhar-573599",Tamil Nadu
anshu,Female,Indian,41,6360279582,5-3-1981,1330 0000 0000,"160
Keer Street, Surat 307243",Maharashtra
shantidevi,Female,Indian,23,1139618783,29-1-1999,6640 0000 0000,"H.No. 12, Srinivas Path
Phagwara-061074",Maharashtra
maansinghaswal,Male,Indian,11,6263028650,16-8-2011,6420 0000 0000,"H.No. 20, Suresh Chowk
Dewas 013637",Chhattisgarh
sanjaycharee,Female,Indian,82,6358346074,9-10-1940,4100 0000 0000,"81
Rao Zila, Thiruvananthapuram 532509",Assam
nikhil,Male,Indian,36,6252776988,24-4-1986,8120 0000 0000,"34/554
Tandon Street, Varanasi-501847",Bihar
deepak,Female,Indian,82,9825552838,18-4-1940,9450 0000 0000,"15, Bhakta Marg
Coimbatore-662352",West Bengal
himanshu,Male,Indian,6,8832640251,25-10-2016,4510 0000 0000,"70/48
Lata Path
Parbhani 995959",Rajasthan
seema,Male,Indian,52,4619574160,20-3-1970,2180 0000 0000,"87/018
Wadhwa Path, Dibrugarh 342608",Madhya Pradesh
rosymassey,Male,Indian,9,9254223070,28-10-2013,3580 0000 0000,"H.No. 602
Apte Zila, Haridwar-045359",Tripura
madhurisharma,Male,Indian,5,3668097595,24-3-2017,2960 0000 0000,"02/15, Sheth Zila
Tinsukia-501204",Gujarat
chandni,Female,Indian,9,4958285389,14-1-2013,9460 0000 0000,"83/89, Hans Circle, Gorakhpur-601111",Maharashtra
nagmakhatoon,Female,Indian,84,5974488954,28-4-1938,7970 0000 0000,"H.No. 15, Bakshi Ganj, Malda-485067",Himachal Pradesh
poojajayshwal,Male,Indian,34,2746878467,24-4-1988,5570 0000 0000,"44/615, Raval Nagar
Chittoor-652947",Maharashtra
akkash,Male,Indian,57,5431567160,3-11-1965,4600 0000 0000,"H.No. 059
Wagle Ganj, Sikar 439505",Chhattisgarh
roshni,Male,Indian,16,5627753216,23-12-2006,5750 0000 0000,"H.No. 232
Lal Chowk
Bhilwara-666015",Arunachal Pradesh
rakhipayal,Male,Indian,68,7730016116,21-10-1954,8590 0000 0000,"H.No. 506, Bora Ganj, Surat 307589",Uttar Pradesh
sahin,Male,Indian,37,9595948863,30-9-1985,1320 0000 0000,"494, Jha Chowk, Karaikudi 034423",Nagaland
changouraon,Male,Indian,100,5351052412,14-5-1922,2060 0000 0000,"77
Roy Road
Rampur 809603",Kerala
mercy,Female,Indian,86,9381832855,25-2-1936,6790 0000 0000,"767, Rajagopalan Road, Chinsurah-361261",Gujarat
akashgupta,Male,Indian,49,3811907379,28-11-1973,8870 0000 0000,"56/91
Anand Circle
Madurai 313401",Manipur
arun,Female,Indian,65,8673480920,24-9-1957,6200 0000 0000,"488, Choudhary
Ranchi-318154",Kerala
reena,Female,Indian,15,3487607294,23-7-2007,9420 0000 0000,"88/613, Dube Ganj
Haridwar-544413",Arunachal Pradesh
raman,Male,Indian,51,7937096696,3-5-1971,9120 0000 0000,"84/47
Dutta, Shivpuri-050102",Tripura
riyasatali,Male,Indian,45,6733162461,3-2-1977,4460 0000 0000,"H.No. 89, Bhagat
Bahraich 704041",Uttarakhand
rajababu,Male,Indian,62,6460702668,24-1-1960,9800 0000 0000,"H.No. 163, Hari Circle, Navi Mumbai-796950",Gujarat
vinitkatariya,Female,Indian,6,8466656134,3-3-2016,1720 0000 0000,"242, Mall Ganj
Muzaffarpur 722520",Rajasthan
varsha,Female,Indian,95,5702400148,11-7-1927,2460 0000 0000,"H.No. 24, Dhaliwal Zila
Bhalswa Jahangir Pur-397650",Mizoram
murari,Female,Indian,19,7967936475,27-9-2003,2330 0000 0000,"62/320
Vala Street, Hapur 656174",Punjab
nishachinu,Female,Indian,53,4091827847,5-2-1969,7320 0000 0000,"H.No. 50
Gaba
Patna-204123",Karnataka
subhadra,Male,Indian,78,7864792654,29-12-1944,5060 0000 0000,"H.No. 257
Vaidya Zila
Gurgaon-846664",Karnataka
subhashchandbhatia,Female,Indian,39,4461755876,15-1-1983,9620 0000 0000,"H.No. 12
Arora Street, Muzaffarnagar 781974",Madhya Pradesh
basnti,Female,Indian,95,9916043625,2-11-1927,9680 0000 0000,"721
Kota Circle
Hapur-855015",Haryana
pritamsingh,Female,Indian,55,5713397345,23-8-1967,8880 0000 0000,"772
Vohra Zila, Etawah 348956",Bihar
ramkishan,Male,Indian,31,8294965359,19-7-1991,4090 0000 0000,"14
Borah Circle, Sambalpur-826117",Manipur
rahul,Female,Indian,28,5029726866,20-4-1994,4760 0000 0000,"75/429
Sangha Circle, Deoghar 952713",Sikkim
meenakumari,Female,Indian,9,5424304470,18-10-2013,3180 0000 0000,"H.No. 124
Lall Road, Ghaziabad 494380",Nagaland
anita,Female,Indian,45,4972219415,10-10-1977,1800 0000 0000,"H.No. 12
Lata Nagar
Barasat-501611",Madhya Pradesh
neetu,Female,Indian,4,4379937470,3-3-2018,1180 0000 0000,"H.No. 48, Swamy Marg
Agra-013012",Karnataka
salman,Male,Indian,93,2537300994,19-12-1929,2420 0000 0000,"H.No. 253, Chopra Ganj
Shivpuri-625563",Madhya Pradesh
bishun,Female,Indian,82,8526817403,8-9-1940,6810 0000 0000,"H.No. 82
Mammen Road
Khora -272539",Tamil Nadu
ushadevi,Male,Indian,41,9912465298,20-10-1981,1670 0000 0000,"H.No. 23, Jha Marg
Srinagar 252601",Uttarakhand
manishgarg,Male,Indian,8,1827918062,13-7-2014,8700 0000 0000,"92, Bhatti Ganj
Jamalpur 019923",Kerala
pooja,Male,Indian,60,7048780029,4-2-1962,8400 0000 0000,"H.No. 596, Srinivasan Ganj, Kakinada-490045",Assam
sna,Female,Indian,82,1319122884,14-6-1940,9220 0000 0000,"94/64
Kumer, Bhiwani 294685",Mizoram
vijayvirmani,Male,Indian,94,4468297727,6-12-1928,2410 0000 0000,"74/059, Lala Ganj
Hospet 044857",Tripura
akashverma,Male,Indian,80,9843101144,6-12-1942,6560 0000 0000,"70/275
Goel Zila, Navi Mumbai 563972",Bihar
harparsad,Female,Indian,5,3855237559,25-10-2017,1330 0000 0000,"02
Dugar Circle
Rajkot 887540",Rajasthan
dhanwantidevi,Male,Indian,1,7219951759,16-3-2021,1540 0000 0000,"H.No. 579, Hayer Zila, Chandigarh 522746",Haryana
amit,Male,Indian,64,6248832696,17-1-1958,7270 0000 0000,"H.No. 62
Kurian Street, Nandyal 831385",Tamil Nadu
dimpaldoli,Male,Indian,15,7248534403,30-10-2007,9410 0000 0000,"93/82
Ray Circle
Gaya-788180",Uttar Pradesh
shivkumar,Female,Indian,42,9570643246,11-8-1980,9850 0000 0000,"740, Bhagat Zila, Khammam 589267",Manipur
pankajchand,Female,Indian,5,6598535191,22-7-2017,2000 0000 0000,"41/235, Kunda Zila, Kalyan-Dombivli-350879",Bihar
arti,Female,Indian,71,5697672477,6-6-1951,5850 0000 0000,"H.No. 13
Kala Road, Kolhapur-580597",Rajasthan
niraj,Female,Indian,27,1678539940,25-3-1995,9290 0000 0000,"14/42, Rana Zila, Gandhinagar-754603",Assam
priyanka,Female,Indian,21,8560539296,23-4-2001,5630 0000 0000,"69/44, Buch Road, Solapur 205646",Kerala
vivekkumar,Male,Indian,98,6494805713,26-12-1924,2290 0000 0000,"22/037, Jani Chowk
Bahraich-532467",Haryana
aartidevi,Female,Indian,23,5182208727,30-11-1999,9990 0000 0000,"41/45
Kapur, Shimoga 407725",Manipur
lalitkathuriya,Male,Indian,11,6811702132,31-5-2011,8950 0000 0000,"55
Ratta Circle
Karawal Nagar 864713",Odisha
afsana,Male,Indian,26,8501073140,15-8-1996,8320 0000 0000,"48/638
Verma Path
Avadi-982309",Tamil Nadu
sashimittal,Female,Indian,82,9493483109,16-10-1940,7260 0000 0000,"25
Chhabra Street
Nellore-875708",Himachal Pradesh
nidhikumari,Female,Indian,95,7642641383,24-8-1927,4320 0000 0000,"798, Majumdar Zila
Khammam 686301",Karnataka
isha,Female,Indian,30,8803353343,9-8-1992,7470 0000 0000,"H.No. 694, Dalal Marg
Dewas-631476",Jharkhand
hamidakhatun,Female,Indian,24,3039960472,25-10-1998,2400 0000 0000,"H.No. 14, Andra Ganj
Dibrugarh 757789",Gujarat
manju,Male,Indian,93,1420722507,22-3-1929,5410 0000 0000,"60
Sathe Ganj, Jaunpur-534126",Mizoram
ramkumar,Female,Indian,25,3215916111,24-3-1997,1230 0000 0000,"99/07, Baral Path
Chandrapur 560891",Tripura
kanchan,Male,Indian,16,1946196088,22-1-2006,9290 0000 0000,"41/726, Thaker Circle
Sambhal 582524",Uttar Pradesh
sumit,Female,Indian,3,7767689547,7-9-2019,8800 0000 0000,"210, Uppal Ganj
Nangloi Jat-010314",Himachal Pradesh
vivek,Male,Indian,89,2799693923,13-2-1933,8990 0000 0000,"44, Sen
Nagercoil-039912",Chhattisgarh
gaurav,Male,Indian,44,4029248529,30-9-1978,7570 0000 0000,"H.No. 012, Acharya Road
Ballia-341484",Nagaland
vinodlal,Male,Indian,4,7313291490,8-9-2018,9300 0000 0000,"28, Sheth Road
Rewa-229247",Mizoram
jyoti,Male,Indian,79,7028723252,24-7-1943,5490 0000 0000,"86/86, Balay Street, Gwalior-108247",Jharkhand
shenaz,Female,Indian,24,6009600674,1-10-1998,3590 0000 0000,"H.No. 29, Toor Path
Buxar-697520",Goa
rajakumar,Female,Indian,42,6615835282,4-11-1980,2780 0000 0000,"H.No. 904
Varty Circle
Panvel 353251",Odisha
preety,Male,Indian,9,9515504721,8-10-2013,9060 0000 0000,"14
Chad
Siwan 264936",Bihar
chandesh,Female,Indian,83,2609456820,23-8-1939,4620 0000 0000,"H.No. 80
Bera Marg, Varanasi 570239",Arunachal Pradesh
jitender,Male,Indian,20,7186031781,10-2-2002,2240 0000 0000,"H.No. 76
Chaudry Chowk
Faridabad 222216",Odisha
rekha,Female,Indian,68,3197188116,9-10-1954,9230 0000 0000,"52, Aurora Zila, Sambalpur 441839",Arunachal Pradesh
rinki,Female,Indian,7,1292719556,31-1-2015,1720 0000 0000,"07, Baral Marg, Uluberia 785701",Rajasthan
aarti,Male,Indian,5,3268124364,12-4-2017,2780 0000 0000,"H.No. 279, Dhar Street, Malegaon 581510",Mizoram
aarti,Male,Indian,52,1305712086,24-8-1970,3710 0000 0000,"H.No. 663
Grewal Ganj, Bahraich 780841",Mizoram
sarvesh,Female,Indian,73,3236158414,24-12-1949,9560 0000 0000,"H.No. 598
Bakshi Road
Machilipatnam 500393",Sikkim
geetadevi,Male,Indian,8,3205854000,24-11-2014,7490 0000 0000,"04/818
Kaur Zila, Pune 632464",Manipur
surendersinghchauhan,Male,Indian,99,3762590543,26-12-1923,8980 0000 0000,"63/031, Dhingra Circle, Ranchi 487049",Uttar Pradesh
janki,Female,Indian,99,9781487481,14-6-1923,9420 0000 0000,"74, Kannan Road, Mysore-148034",Madhya Pradesh
motilal,Male,Indian,63,7422142741,26-7-1959,6210 0000 0000,"H.No. 50
Goyal Road
Bilaspur-303371",Bihar
laxmidevi,Male,Indian,73,2704069304,22-1-1949,2940 0000 0000,"25/84
Dhingra Circle
Warangal-709028",Assam
shakshisagar,Male,Indian,57,9586220028,15-1-1965,9850 0000 0000,"10, Agate Ganj, Kishanganj 189083",Maharashtra
swatijoshi,Female,Indian,79,2319310154,21-9-1943,8930 0000 0000,"H.No. 06
Balay Ganj, Sikar-409796",Bihar
sashi,Female,Indian,67,7169360072,2-11-1955,7930 0000 0000,"H.No. 24, Brahmbhatt Street, Tiruppur 595506",Sikkim
sunita,Male,Indian,40,6450622524,22-3-1982,3020 0000 0000,"68/10
Lall Path
Raipur-531798",Gujarat
priyanka,Male,Indian,8,6723158874,16-11-2014,7230 0000 0000,"34/408, Balakrishnan Nagar, Begusarai-357324",Bihar
khushbu,Female,Indian,17,5521043522,28-9-2005,4270 0000 0000,"H.No. 689, Vig, Pudukkottai-996193",Maharashtra
poonam,Female,Indian,3,1392805059,21-2-2019,2390 0000 0000,"44, Chander Marg, Bidhannagar-818775",Jharkhand
gulshan,Male,Indian,77,7051522887,19-6-1945,9650 0000 0000,"74/099, Chakrabarti Path
Unnao 735366",Punjab
palaksimran,Male,Indian,38,7232678136,12-6-1984,1840 0000 0000,"56/44, Bath Circle
Sasaram 892321",Assam
jyoti,Female,Indian,12,5895499871,1-8-2010,2530 0000 0000,"750
Banik Path, Kadapa-052241",Mizoram
mubarik,Male,Indian,9,2825610874,18-2-2013,3090 0000 0000,"088
Konda
Bidhannagar-479801",Maharashtra
neha,Male,Indian,97,3517017230,2-5-1925,7520 0000 0000,"15
Raman Chowk
Alwar 199450",Uttar Pradesh
ranju,Male,Indian,89,3397291819,8-6-1933,3070 0000 0000,"28/94
Ganesan Road
Vijayanagaram 053603",Uttar Pradesh
parveen,Male,Indian,51,9808537288,13-12-1971,1020 0000 0000,"H.No. 193, Bhatia Path, Farrukhabad 452175",Sikkim
birendermandal,Female,Indian,80,4405182623,27-4-1942,8840 0000 0000,"H.No. 078, Bumb Road
Nashik-736319",Telangana
champakarketta,Female,Indian,90,4661205524,18-12-1932,1730 0000 0000,"47/93, Varty Road, Ranchi 744709",Arunachal Pradesh
ranutiwari,Male,Indian,57,7143486074,28-11-1965,4440 0000 0000,"61/20, Dixit
Munger 228227",Uttar Pradesh
ruksana,Male,Indian,12,9705449965,13-10-2010,7480 0000 0000,"05/12
Contractor Zila, Khammam-236300",Mizoram
rajkumar,Female,Indian,39,6398558885,6-3-1983,9050 0000 0000,"H.No. 815, Yogi Circle
South Dumdum 278298",Tripura
babita,Female,Indian,16,1761018162,1-2-2006,4230 0000 0000,"81, Balay Circle
Vadodara-405211",Mizoram
pooranchandsharma,Female,Indian,50,9395376936,25-12-1972,4680 0000 0000,"71, Amble Marg, Thiruvananthapuram-035278",Rajasthan
pooja,Male,Indian,94,9957805263,12-1-1928,2060 0000 0000,"07/465, Chokshi Marg
Nanded-545682",Nagaland
anjalibabli,Female,Indian,12,2617751264,31-10-2010,4780 0000 0000,"H.No. 77, Khare Street, Nagaon 648843",Tripura
shakshi,Female,Indian,77,9221266346,7-10-1945,2060 0000 0000,"20/641, Banik Zila
Dindigul 051697",Punjab
shivani,Male,Indian,62,7372394583,2-11-1960,3090 0000 0000,"13/25, Subramanian Chowk, Siwan-474966",Odisha
vansudev,Male,Indian,80,8954599378,27-1-1942,1100 0000 0000,"77
Thakur Ganj, Kolhapur 823983",Rajasthan
ramvilash,Male,Indian,66,7000944857,4-1-1956,3490 0000 0000,"75/96, Dhingra Street, Adoni 053739",Goa
shalu,Female,Indian,99,2793077511,29-8-1923,2430 0000 0000,"H.No. 487, Sandal Chowk, Nandyal 719920",Maharashtra
rinukanwr,Male,Indian,34,4582873263,3-4-1988,5100 0000 0000,"H.No. 898
Dugal Path
Bidar 732415",Tripura
sandeepmeghawal,Female,Indian,87,6532415405,19-9-1935,3320 0000 0000,"56/020, Ravi Path, Alwar-371975",Assam
nandu,Female,Indian,36,4896455383,21-5-1986,2620 0000 0000,"H.No. 66, Chana Path, Sirsa-664450",Chhattisgarh
sonam,Male,Indian,27,7116412858,5-7-1995,4290 0000 0000,"H.No. 588, Sandhu
Gandhinagar-110163",Assam
neha,Female,Indian,65,1692958212,7-2-1957,5740 0000 0000,"76/95, Rao Marg, Chennai 045579",Andhra Pradesh
chandni,Female,Indian,84,4859140366,17-4-1938,1500 0000 0000,"19, Bakshi Path, Thanjavur-306331",Bihar
rijulaggarwal,Female,Indian,1,3178187671,26-10-2021,3580 0000 0000,"73/21
Dash Nagar
Shimoga-645885",Tripura
rashid,Male,Indian,10,3271017200,22-2-2012,8970 0000 0000,"39
Malhotra Road, Patna 888075",Mizoram
ajaynarayan,Male,Indian,26,2679328333,1-9-1996,6710 0000 0000,"H.No. 494, Loke Road, Rajkot-936748",Uttarakhand
anita,Female,Indian,66,8129309364,9-12-1956,9470 0000 0000,"22/830
Doshi
Begusarai-583496",Gujarat
gracepalla,Female,Indian,60,9702896694,4-6-1962,6930 0000 0000,"70/02
Talwar Circle, Mangalore-988150",Mizoram
jatinsonu,Female,Indian,12,7116589798,1-5-2010,7360 0000 0000,"H.No. 66
Gandhi Chowk
Orai 629338",Gujarat
manglaurfmangibai,Male,Indian,75,3735601572,7-12-1947,8630 0000 0000,"H.No. 86, Dar Ganj
Bilaspur 800210",Uttarakhand
sonam,Female,Indian,73,7014755687,8-11-1949,1440 0000 0000,"H.No. 061
Gandhi Street, Meerut-782150",Chhattisgarh
seemasimran,Female,Indian,59,7141885746,26-3-1963,1790 0000 0000,"H.No. 27, Kunda Path
Patna-660316",Tripura
priynka,Male,Indian,49,5587722775,20-12-1973,2080 0000 0000,"H.No. 698, Sane, Proddatur-306631",Kerala
shehnaz,Female,Indian,100,3420806201,6-6-1922,8260 0000 0000,"92/903, Dada Chowk
Motihari 598439",Bihar
reenadevi,Female,Indian,38,2740859067,13-3-1984,6160 0000 0000,"34
Majumdar, Ujjain 367669",Bihar
shadab,Male,Indian,51,8568536205,5-5-1971,9710 0000 0000,"52/64, Bakshi Zila
Kanpur-023469",Karnataka
abhi,Female,Indian,14,8959322845,24-6-2008,3600 0000 0000,"H.No. 18
Rama
Noida-992322",Goa
aarti,Male,Indian,66,8638237289,10-5-1956,8880 0000 0000,"00/083
D’Alia Zila
Dehradun-526115",Madhya Pradesh
kartikkaku,Male,Indian,24,1394961700,24-8-1998,1160 0000 0000,"93/46, Bajwa Street
Giridih-877120",Tamil Nadu
kamaljitsingh,Female,Indian,62,3859180161,3-2-1960,1680 0000 0000,"05/007, Jain Ganj, New Delhi-670077",Chhattisgarh
sandeep,Male,Indian,40,6266446155,21-6-1982,3390 0000 0000,"H.No. 003
Bawa Marg, Bhusawal-479273",Telangana
krishan,Male,Indian,4,8949915514,16-5-2018,2980 0000 0000,"724
Yogi Path, Sagar 494843",Telangana
pooja,Female,Indian,55,3972130208,15-5-1967,1790 0000 0000,"H.No. 479, Amble
Ambarnath-516202",Nagaland
jaisingh,Female,Indian,36,6414295026,23-10-1986,1510 0000 0000,"85/785
Yogi Nagar
Bhilai-690281",Telangana
dharamsingh,Male,Indian,82,4901069573,13-1-1940,9360 0000 0000,"14, Magar
Karaikudi-535281",Himachal Pradesh
bhupender,Female,Indian,59,8533097674,6-8-1963,8140 0000 0000,"13/60, Ramanathan Circle, Narasaraopet-842954",Uttarakhand
balraj,Female,Indian,88,6462388063,15-7-1934,3640 0000 0000,"815
Sem Path, Mango-818725",Meghalaya
priyanka,Male,Indian,56,1981673398,1-9-1966,2280 0000 0000,"75/62
Anne Nagar
Nizamabad-128385",Mizoram
ramdinverma,Male,Indian,24,2944391680,5-10-1998,3670 0000 0000,"268
Gour Zila, Chapra-277652",Gujarat
seema,Female,Indian,29,5104238414,22-11-1993,8580 0000 0000,"H.No. 79, Vala, Farrukhabad-424092",Sikkim
santosh,Female,Indian,44,7500648885,24-8-1978,4010 0000 0000,"21/71
Wason Zila, Berhampur 433141",Bihar
rupesh,Male,Indian,57,1608375926,20-6-1965,1380 0000 0000,"H.No. 47
Chawla Marg, Bahraich 654530",Rajasthan
babluregar,Male,Indian,88,8466053167,22-6-1934,6010 0000 0000,"55/46
Wagle Road
Bhubaneswar-963441",Mizoram
naziyasiddiqui,Female,Indian,74,6234969623,28-3-1948,9880 0000 0000,"671
Tank Zila, Ludhiana-381019",Himachal Pradesh
versa,Female,Indian,95,1500722686,17-8-1927,9300 0000 0000,"H.No. 004, Singh
Narasaraopet 214971",Punjab
aasmin,Male,Indian,69,8604501611,2-2-1953,5400 0000 0000,"H.No. 147
Chokshi Road, Thiruvananthapuram 764429",Odisha
tammanne,Male,Indian,97,7883531081,3-12-1925,9920 0000 0000,"H.No. 481, Arya Nagar
Mango 824222",Haryana
sagar,Female,Indian,56,1863980787,23-3-1966,6280 0000 0000,"H.No. 35, Hora Marg
Srikakulam 024384",Chhattisgarh
subhash,Female,Indian,20,9187382840,13-3-2002,3300 0000 0000,"40/027, Malhotra Circle, Kumbakonam-769273",Maharashtra
punitkhandelwal,Female,Indian,37,9683847172,18-6-1985,4360 0000 0000,"56, Raval Street
Khammam 715748",Tamil Nadu
pintukumar,Male,Indian,75,9215898723,15-11-1947,9390 0000 0000,"95/31, Chand Marg, Singrauli-676218",Mizoram
varsha,Male,Indian,20,5420257848,9-6-2002,1450 0000 0000,"H.No. 661
Sampath Circle
Muzaffarnagar 653794",Telangana
amit,Male,Indian,36,1647615388,22-9-1986,2190 0000 0000,"484
Chakrabarti Zila, Firozabad-971843",Rajasthan
aarti,Female,Indian,84,9252887685,31-7-1938,7080 0000 0000,"39/667, Dave Ganj
Dewas 225450",Karnataka
vidhi,Male,Indian,46,8693376182,1-8-1976,6470 0000 0000,"H.No. 74, Mangal Ganj
Secunderabad-952499",Telangana
guddu,Female,Indian,41,5472115139,28-5-1981,5450 0000 0000,"H.No. 768, Sant Ganj, Gudivada 908073",Haryana
kasid,Female,Indian,27,4229076677,3-3-1995,7540 0000 0000,"H.No. 42
Chatterjee Street, Junagadh-585140",Rajasthan
talim,Male,Indian,53,5601079669,6-10-1969,4920 0000 0000,"31/71, Randhawa Chowk, Latur-158746",Karnataka
rimmisingh,Female,Indian,16,5568042420,2-2-2006,2460 0000 0000,"39/477, Bhavsar
Rajkot 076881",Chhattisgarh
amit,Female,Indian,2,9644161280,19-2-2020,7910 0000 0000,"91/95
Sabharwal Zila
Khora  032452",Andhra Pradesh
anilkumar,Female,Indian,71,6893309609,19-5-1951,5320 0000 0000,"93/289, Soman Street, Narasaraopet-393579",Nagaland
priyanka,Male,Indian,79,6772764038,21-1-1943,2300 0000 0000,"H.No. 007
Vaidya Marg, Bijapur-260841",Maharashtra
sanjay,Male,Indian,16,7875107212,23-1-2006,5240 0000 0000,"58, Bali Path
Arrah 221234",Punjab
priyanka,Male,Indian,37,9001790827,10-3-1985,3080 0000 0000,"79
Loyal Ganj, Mysore-380941",Odisha
yogita,Female,Indian,97,4910921215,17-4-1925,5870 0000 0000,"35, Kanda, Kadapa-022789",Uttarakhand
manju,Male,Indian,36,7174362902,4-9-1986,5640 0000 0000,"29, Doshi Chowk, Saharanpur 685213",Tamil Nadu
ranita,Female,Indian,55,5717554004,1-5-1967,4400 0000 0000,"680, Buch
Tirupati-711320",Jharkhand
jony,Male,Indian,10,1730459291,7-11-2012,7890 0000 0000,"H.No. 97
Keer Nagar, Kollam-346223",Mizoram
seema,Male,Indian,83,4328889359,18-2-1939,2550 0000 0000,"121
Kar Marg, Amravati-204515",Telangana
priyanka,Female,Indian,24,3649142898,9-10-1998,8450 0000 0000,"73/04, Ramaswamy Nagar
Amroha 276747",Karnataka
kirandevi,Female,Indian,31,7564530408,24-1-1991,7360 0000 0000,"705
Kalla
Morbi 199602",Telangana
raghunandandas,Female,Indian,44,3632416206,30-10-1978,2160 0000 0000,"H.No. 187
Shroff Road, Bilaspur-637478",Jharkhand
guddu,Female,Indian,43,3157905141,30-1-1979,7200 0000 0000,"448, Hayre Chowk, Kalyan-Dombivli-445255",Uttarakhand
sumitmitra,Male,Indian,1,8128399178,22-12-2021,2320 0000 0000,"61
Yohannan Road, Kamarhati-648330",Andhra Pradesh
ashokkumar,Female,Indian,98,2887973208,5-1-1924,9860 0000 0000,"517, Sura Nagar, Vellore-120134",Jharkhand
mohdataullah,Female,Indian,11,4251212914,17-6-2011,3550 0000 0000,"40/904
Banik Road
Solapur-146779",Rajasthan
kanikakathuria,Male,Indian,46,6509272967,20-10-1976,6380 0000 0000,"H.No. 012, Bose Nagar
Ichalkaranji-117164",Uttar Pradesh
sunita,Female,Indian,51,1488779605,21-10-1971,3690 0000 0000,"27/908
Gopal Ganj, Rajkot-367011",Maharashtra
anjali,Female,Indian,89,4873457647,5-1-1933,5300 0000 0000,"96
Basu Chowk, Kochi-196436",Maharashtra
esrailkhan,Female,Indian,37,2889549279,19-1-1985,8260 0000 0000,"63/079
Jaggi Chowk, Tiruchirappalli-057100",Haryana
yogesh,Female,Indian,93,8201068483,30-11-1929,3140 0000 0000,"43, Sibal Zila
Dibrugarh 555948",Meghalaya
shabanm,Male,Indian,24,7083000288,19-6-1998,1980 0000 0000,"80/684
Basu, Surat-972765",Himachal Pradesh
vansudev,Male,Indian,46,7367042951,14-11-1976,1730 0000 0000,"91/28
Savant, Kolhapur 800191",Odisha
sureshkumar,Female,Indian,51,7322261111,9-1-1971,2730 0000 0000,"H.No. 926, Zachariah Ganj
Chapra 378587",Haryana
hemlata,Male,Indian,86,9951462176,6-7-1936,4540 0000 0000,"51/939
Deol Circle, Indore-638121",West Bengal
rajender,Female,Indian,71,7221136237,29-9-1951,3770 0000 0000,"H.No. 35
Ahluwalia Zila, Udupi 132709",Jharkhand
vivekauhari,Male,Indian,14,8701794520,24-5-2008,5980 0000 0000,"H.No. 089, Khare Road
Begusarai 199227",Bihar
kajal,Male,Indian,21,8440966313,22-1-2001,4750 0000 0000,"442, Reddy Path
Tirunelveli-564126",Assam
khushboo,Female,Indian,4,7461642522,13-8-2018,2720 0000 0000,"76/06, Tak
Lucknow 184654",Tripura
rishikakdia,Female,Indian,16,5069195270,23-5-2006,1440 0000 0000,"H.No. 718, Luthra Chowk, Bettiah 756194",West Bengal
armanansari,Male,Indian,21,7618972113,10-9-2001,8340 0000 0000,"615
Saraf Nagar, Delhi-602349",Odisha
shivshaktisingh,Female,Indian,9,5052374418,5-3-2013,3130 0000 0000,"73/83, Bajaj Zila, Erode-254375",Telangana
faridabegam,Female,Indian,95,9113269640,3-3-1927,1560 0000 0000,"H.No. 76, Buch Ganj
Sangli-Miraj & Kupwad-028090",Madhya Pradesh
chotelal,Male,Indian,61,3618017532,3-8-1961,4300 0000 0000,"57
Lad Nagar, Pallavaram-070993",Jharkhand
sparsh,Female,Indian,81,6965156256,20-4-1941,5270 0000 0000,"H.No. 461, Loyal
Shivpuri 647891",Manipur
sandeepkumar,Male,Indian,94,2778611678,17-5-1928,1840 0000 0000,"H.No. 32, Bhat Nagar, Bettiah 774795",Telangana
mukulyadav,Female,Indian,62,7930566910,12-6-1960,3330 0000 0000,"H.No. 066
Amble Path
Amritsar 384497",Maharashtra
khushbu,Female,Indian,43,7642339491,29-1-1979,1230 0000 0000,"H.No. 54, Dugar Chowk, Noida 600745",Bihar
pooja,Male,Indian,6,9428009394,18-12-2016,9990 0000 0000,"879, Gera Zila
Farrukhabad 145585",Kerala
rohit,Female,Indian,5,2356369379,26-5-2017,9490 0000 0000,"H.No. 28, Raj Zila
Satara 566688",Chhattisgarh
pooja,Male,Indian,32,7379243397,1-1-1990,5460 0000 0000,"10/65, Acharya Street, Srikakulam 541983",Haryana
aanamikamisra,Female,Indian,34,5717568794,30-5-1988,2920 0000 0000,"17/77, Dey Path
Kalyan-Dombivli 185992",Sikkim
jyoti,Male,Indian,80,8111820561,1-11-1942,4270 0000 0000,"H.No. 68
Cheema Circle, Sagar-956964",Chhattisgarh
vikas,Male,Indian,43,6270816483,26-10-1979,2370 0000 0000,"48/64, Virk Ganj
Kurnool 054047",Jharkhand
midda,Male,Indian,91,2125958454,30-8-1931,5610 0000 0000,"577, Bhavsar Ganj
Barasat-632164",West Bengal
tina,Female,Indian,68,4254118411,14-6-1954,4220 0000 0000,"79/241, Wagle Street
Ghaziabad 233653",Madhya Pradesh
vipin,Female,Indian,63,7737201691,4-2-1959,4220 0000 0000,"H.No. 349
Chopra Circle
Lucknow 891498",Rajasthan
azaz,Male,Indian,63,8449336376,20-4-1959,3850 0000 0000,"H.No. 94, Bahl Path, Durg 502619",Madhya Pradesh
farhan,Male,Indian,74,1470310053,5-11-1948,3930 0000 0000,"86/43, Choudhry Road, Alwar 598843",Rajasthan
